City_ID,City,Lat,Lng,Max Temp,Humidity,Cloudiness,Wind Speed,Country,Date,Weather description
0,Tasiilaq,65.6145,-37.6368,273.24,85,100,6.33,GL,2021-10-25 21:15:57,overcast clouds
1,Kaitangata,-46.2817,169.8464,285.5,84,100,2.77,NZ,2021-10-25 21:15:52,overcast clouds
2,Vaini,-21.2,-175.2,298.24,83,20,4.12,TO,2021-10-25 21:15:42,few clouds
3,Dalby,-27.1833,151.2667,291.54,76,92,2.94,AU,2021-10-25 21:24:44,light rain
4,Boguchany,58.3814,97.4531,279.23,74,67,7.56,RU,2021-10-25 21:24:44,broken clouds
5,Sri Aman,1.2376,111.4621,298.18,94,97,0.51,MY,2021-10-25 21:24:45,moderate rain
6,Ushuaia,-54.8,-68.3,273.96,93,75,10.8,AR,2021-10-25 21:23:59,snow
7,Hermanus,-34.4187,19.2345,289.71,85,17,6.37,ZA,2021-10-25 21:24:46,few clouds
8,Saskylakh,71.9167,114.0833,253.73,97,100,1.17,RU,2021-10-25 21:24:47,overcast clouds
9,Aksarka,66.5606,67.7975,264.68,89,94,2.05,RU,2021-10-25 21:24:47,overcast clouds
10,Lompoc,34.6391,-120.4579,291.8,83,90,5.14,US,2021-10-25 21:24:48,overcast clouds
11,Umm Kaddadah,13.6017,26.6876,302.53,19,100,7.09,SD,2021-10-25 21:24:49,overcast clouds
12,Atuona,-9.8,-139.0333,298.38,75,15,7.09,PF,2021-10-25 21:15:33,light rain
13,Dolinsk,47.35,142.8,271.07,91,0,3.96,RU,2021-10-25 21:24:49,clear sky
14,Bambous Virieux,-20.3428,57.7575,294.29,88,75,6.69,MU,2021-10-25 21:24:50,light intensity shower rain
15,Broken Hill,-31.95,141.4333,287.99,26,0,4.63,AU,2021-10-25 21:24:51,clear sky
16,Ranong,9.9658,98.6348,298.62,88,90,1.35,TH,2021-10-25 21:24:51,overcast clouds
17,Saint-Raymond,45.467,-73.6095,281.3,77,90,2.57,CA,2021-10-25 21:24:52,overcast clouds
18,Ribeira Grande,38.5167,-28.7,293.23,74,81,7.9,PT,2021-10-25 21:15:48,broken clouds
19,Mataura,-46.1927,168.8643,287.92,78,94,1.09,NZ,2021-10-25 21:15:26,overcast clouds
20,Bluff,-46.6,168.3333,285.12,89,68,2.4,NZ,2021-10-25 21:20:59,broken clouds
21,Hilo,19.7297,-155.09,304.42,77,40,4.63,US,2021-10-25 21:14:38,light rain
22,Padang,-0.9492,100.3543,298.03,87,96,0.8,ID,2021-10-25 21:23:07,overcast clouds
23,Mar Del Plata,-38.0023,-57.5575,291.16,47,0,4.47,AR,2021-10-25 21:15:51,clear sky
24,Albany,42.6001,-73.9662,290.23,89,100,1.67,US,2021-10-25 21:15:53,overcast clouds
25,Ambon,-3.6954,128.1814,298.23,88,20,3.09,ID,2021-10-25 21:24:54,few clouds
26,Kodiak,57.79,-152.4072,279.88,70,90,4.63,US,2021-10-25 21:24:34,overcast clouds
27,Port Elizabeth,-33.918,25.5701,290.98,88,0,5.14,ZA,2021-10-25 21:21:39,clear sky
28,Tiksi,71.6872,128.8694,256.86,96,99,2.22,RU,2021-10-25 21:21:00,overcast clouds
29,Clifton,40.8584,-74.1638,297.29,77,1,0.45,US,2021-10-25 21:24:55,clear sky
30,Lebu,-37.6167,-73.65,286.41,81,9,6.26,CL,2021-10-25 21:15:21,clear sky
31,Lac Du Bonnet,50.2536,-96.0612,282.04,46,3,4.64,CA,2021-10-25 21:24:55,clear sky
32,Yerbogachen,61.2767,108.0108,272.8,98,100,2.46,RU,2021-10-25 21:24:56,light snow
33,Moskovskiy,55.5991,37.355,274.14,79,0,5.0,RU,2021-10-25 21:24:57,clear sky
34,Avarua,-21.2078,-159.775,298.18,61,75,7.2,CK,2021-10-25 21:15:59,broken clouds
35,Qaanaaq,77.484,-69.3632,255.42,58,37,6.08,GL,2021-10-25 21:15:35,scattered clouds
36,Richards Bay,-28.783,32.0377,290.51,95,100,0.86,ZA,2021-10-25 21:24:57,moderate rain
37,Alofi,-19.0595,-169.9187,300.09,69,75,6.17,NU,2021-10-25 21:21:48,broken clouds
38,Tukrah,32.5341,20.5791,296.02,73,65,2.67,LY,2021-10-25 21:24:58,broken clouds
39,Puerto Ayora,-0.7393,-90.3518,297.13,92,52,1.34,EC,2021-10-25 21:15:38,broken clouds
40,Xining,36.6167,101.7667,275.16,96,100,1.0,CN,2021-10-25 21:15:41,overcast clouds
41,Adrar,20.5022,-10.0711,302.85,18,80,5.64,MR,2021-10-25 21:24:59,broken clouds
42,Rikitea,-23.1203,-134.9692,297.08,72,96,9.47,PF,2021-10-25 21:16:04,overcast clouds
43,Hobart,-42.8794,147.3294,283.29,70,75,0.89,AU,2021-10-25 21:15:47,broken clouds
44,Carnarvon,-24.8667,113.6333,290.19,63,90,3.6,AU,2021-10-25 21:25:00,overcast clouds
45,Port Macquarie,-31.4333,152.9167,291.13,80,50,3.81,AU,2021-10-25 21:22:54,scattered clouds
46,Georgetown,5.4112,100.3354,300.31,91,20,2.06,MY,2021-10-25 21:24:30,few clouds
47,Chiungutwa,-10.8833,38.9833,296.02,86,65,2.03,TZ,2021-10-25 21:25:01,broken clouds
48,Tuktoyaktuk,69.4541,-133.0374,272.15,100,90,2.57,CA,2021-10-25 21:15:39,fog
49,Jiangyou,31.7667,104.7167,286.84,91,100,0.27,CN,2021-10-25 21:25:02,light rain
50,Abu Kamal,34.4506,40.9171,294.5,28,5,2.92,SY,2021-10-25 21:25:03,clear sky
51,Sola,-13.8833,167.55,302.52,74,75,0.0,VU,2021-10-25 21:25:04,broken clouds
52,Mitchell,43.7094,-98.0298,285.14,57,1,4.02,US,2021-10-25 21:25:05,clear sky
53,Pevek,69.7008,170.3133,254.77,96,100,1.8,RU,2021-10-25 21:21:06,overcast clouds
54,Beloha,-25.1667,45.05,295.52,89,20,5.11,MG,2021-10-25 21:20:31,few clouds
55,Homer,59.6425,-151.5483,278.09,81,1,2.06,US,2021-10-25 21:22:08,clear sky
56,Bandarbeyla,9.4942,50.8122,298.25,78,27,1.17,SO,2021-10-25 21:15:27,scattered clouds
57,Mahebourg,-20.4081,57.7,294.31,88,75,6.69,MU,2021-10-25 21:23:56,light intensity shower rain
58,Yellowknife,62.456,-114.3525,278.38,99,90,6.17,CA,2021-10-25 21:25:07,overcast clouds
59,Klaksvik,62.2266,-6.589,279.66,81,100,6.5,FO,2021-10-25 21:15:53,overcast clouds
60,Castro,-24.7911,-50.0119,291.08,82,75,1.38,BR,2021-10-25 21:24:01,broken clouds
61,Pisco,-13.7,-76.2167,292.18,68,11,9.26,PE,2021-10-25 21:23:13,smoke
62,New Norfolk,-42.7826,147.0587,283.52,62,19,0.45,AU,2021-10-25 21:25:09,few clouds
63,Pinsk,52.1229,26.0951,276.12,66,38,3.73,BY,2021-10-25 21:25:09,scattered clouds
64,Busselton,-33.65,115.3333,277.62,76,100,0.93,AU,2021-10-25 21:15:25,overcast clouds
65,Naze,28.3667,129.4833,292.18,64,0,4.68,JP,2021-10-25 21:25:10,clear sky
66,Salalah,17.0151,54.0924,297.2,73,20,1.03,OM,2021-10-25 21:15:23,few clouds
67,Iracoubo,5.4802,-53.2011,298.58,89,100,4.87,GF,2021-10-25 21:25:10,heavy intensity rain
68,Hithadhoo,-0.6,73.0833,301.47,73,98,7.0,MV,2021-10-25 21:20:59,overcast clouds
69,Punta Arenas,-53.15,-70.9167,279.21,65,40,11.83,CL,2021-10-25 21:12:05,scattered clouds
70,Beringovskiy,63.05,179.3167,262.34,75,100,2.61,RU,2021-10-25 21:15:54,overcast clouds
71,Eyl,7.9803,49.8164,298.69,77,68,2.62,SO,2021-10-25 21:25:12,broken clouds
72,Ulladulla,-35.35,150.4667,288.65,63,2,1.02,AU,2021-10-25 21:25:12,clear sky
73,Sakakah,29.9697,40.2064,294.91,25,0,3.16,SA,2021-10-25 21:25:13,clear sky
74,Banda Aceh,5.5577,95.3222,298.84,83,100,2.38,ID,2021-10-25 21:25:03,light rain
75,Mier,26.4333,-99.15,310.53,37,85,5.17,MX,2021-10-25 21:25:14,overcast clouds
76,San Cristobal,7.7669,-72.225,299.25,83,85,1.28,VE,2021-10-25 21:25:14,overcast clouds
77,Deputatskiy,69.3,139.9,253.91,99,99,0.42,RU,2021-10-25 21:25:15,overcast clouds
78,Marsh Harbour,26.5412,-77.0636,299.77,81,100,5.29,BS,2021-10-25 21:23:46,overcast clouds
79,Ambilobe,-13.2,49.05,297.25,62,36,3.35,MG,2021-10-25 21:25:16,scattered clouds
80,Bredasdorp,-34.5322,20.0403,288.86,88,10,5.14,ZA,2021-10-25 21:15:30,clear sky
81,Karpogory,64.0019,44.4451,268.57,98,100,1.13,RU,2021-10-25 21:25:17,overcast clouds
82,Cururupu,-1.8283,-44.8683,300.16,76,46,2.97,BR,2021-10-25 21:25:17,scattered clouds
83,Victoria,22.2855,114.1577,297.22,76,100,0.45,HK,2021-10-25 21:14:07,light rain
84,Shrigonda,18.6167,74.6833,295.0,57,13,2.58,IN,2021-10-25 21:25:18,few clouds
85,La Grande,45.3246,-118.0877,287.68,53,100,3.29,US,2021-10-25 21:25:18,overcast clouds
86,Bengkulu,-3.8004,102.2655,296.79,89,100,1.3,ID,2021-10-25 21:25:19,overcast clouds
87,Arraial Do Cabo,-22.9661,-42.0278,294.13,83,90,3.6,BR,2021-10-25 21:15:24,overcast clouds
88,Korla,41.7597,86.1469,281.54,43,0,0.92,CN,2021-10-25 21:25:20,clear sky
89,Skogn,63.7,11.2,280.92,89,100,1.8,NO,2021-10-25 21:22:15,overcast clouds
90,Ilulissat,69.2167,-51.1,264.16,67,0,1.54,GL,2021-10-25 21:25:20,clear sky
91,Geraldton,-28.7667,114.6,284.38,93,75,3.09,AU,2021-10-25 21:15:58,broken clouds
92,Nikolskoye,59.7035,30.7861,281.41,83,99,4.33,RU,2021-10-25 21:20:47,overcast clouds
93,Jamestown,42.097,-79.2353,289.83,86,90,1.34,US,2021-10-25 21:25:21,overcast clouds
94,Monywa,22.1167,95.1333,297.69,88,90,0.86,MM,2021-10-25 21:25:22,overcast clouds
95,Airai,-8.9266,125.4092,288.43,83,63,0.93,TL,2021-10-25 21:24:28,broken clouds
96,Broome,42.2506,-75.833,294.18,66,1,1.34,US,2021-10-25 21:25:22,clear sky
97,Manono,-7.3,27.4167,292.88,91,100,0.81,CD,2021-10-25 21:25:23,overcast clouds
98,Maxixe,-23.8597,35.3472,294.43,84,16,3.02,MZ,2021-10-25 21:25:23,few clouds
99,Buguruslan,53.6554,52.442,272.14,78,6,3.58,RU,2021-10-25 21:25:24,clear sky
100,Talnakh,69.4865,88.3972,264.8,96,100,3.17,RU,2021-10-25 21:21:49,light snow
101,Opuwo,-18.0607,13.84,294.6,25,3,4.74,NA,2021-10-25 21:25:25,clear sky
102,Sept-Iles,50.2001,-66.3821,281.51,82,20,2.68,CA,2021-10-25 21:25:25,few clouds
103,Roald,62.5833,6.1333,283.89,76,75,4.12,NO,2021-10-25 21:25:26,broken clouds
104,Calama,-22.4667,-68.9333,296.42,6,0,11.83,CL,2021-10-25 21:25:26,clear sky
105,Gastonia,35.2621,-81.1873,298.98,76,75,1.79,US,2021-10-25 21:21:15,broken clouds
106,Diffa,13.3154,12.6113,304.3,20,26,3.55,NE,2021-10-25 21:25:27,scattered clouds
107,San Ramon,37.7799,-121.978,291.69,67,75,3.58,US,2021-10-25 21:22:28,broken clouds
108,Cockburn Town,21.4612,-71.1419,301.13,74,40,4.12,TC,2021-10-25 21:20:35,scattered clouds
109,Kendal,54.3268,-2.7476,282.92,91,54,2.31,GB,2021-10-25 21:22:47,broken clouds
110,Hamilton,39.1834,-84.5333,286.28,88,90,0.45,US,2021-10-25 21:24:48,light intensity drizzle
111,Ziro,27.6333,93.8333,281.28,94,19,1.03,IN,2021-10-25 21:25:28,few clouds
112,Ancud,-41.8697,-73.8203,286.72,93,100,6.11,CL,2021-10-25 21:15:31,light rain
113,Reconquista,-29.15,-59.65,303.79,24,0,3.91,AR,2021-10-25 21:25:29,clear sky
114,Ondjiva,-17.0667,15.7333,297.67,18,33,1.17,AO,2021-10-25 21:25:30,scattered clouds
115,Neiafu,-18.65,-173.9833,298.53,78,75,3.09,TO,2021-10-25 21:25:30,broken clouds
116,Sibolga,1.7427,98.7792,297.42,89,100,1.04,ID,2021-10-25 21:25:31,overcast clouds
117,Kapaa,22.0752,-159.319,301.14,84,90,2.24,US,2021-10-25 21:15:34,light rain
118,Cape Town,-33.9258,18.4232,290.99,64,25,0.45,ZA,2021-10-25 21:10:56,scattered clouds
119,Shikhazany,55.5605,47.393,270.5,82,85,3.57,RU,2021-10-25 21:25:32,overcast clouds
120,Binzhou,37.3667,118.0167,284.82,66,100,2.46,CN,2021-10-25 21:25:32,overcast clouds
121,Mahajanga,-15.7167,46.3167,299.16,89,20,2.06,MG,2021-10-25 21:25:33,few clouds
122,Caravelas,-17.7125,-39.2481,297.16,94,100,1.51,BR,2021-10-25 21:23:43,overcast clouds
123,Los Llanos De Aridane,28.6585,-17.9182,293.01,81,75,1.34,ES,2021-10-25 21:25:33,broken clouds
124,Cidreira,-30.1811,-50.2056,293.52,72,0,4.27,BR,2021-10-25 21:22:05,clear sky
125,Kemin,42.7846,75.6892,281.15,38,0,3.03,KG,2021-10-25 21:25:35,clear sky
126,Poum,-20.2333,164.0167,297.27,69,3,7.71,NC,2021-10-25 21:15:51,clear sky
127,Mercedes,-34.6515,-59.4307,303.16,28,30,3.11,AR,2021-10-25 21:25:36,scattered clouds
128,Port Alfred,-33.5906,26.891,290.31,83,12,7.9,ZA,2021-10-25 21:15:55,few clouds
129,Kyritz,52.9421,12.397,281.38,77,99,2.54,DE,2021-10-25 21:25:37,overcast clouds
130,Leningradskiy,69.3833,178.4167,259.8,95,100,6.8,RU,2021-10-25 21:24:40,overcast clouds
131,Saint-Philippe,-21.3585,55.7679,295.92,81,42,5.71,RE,2021-10-25 21:25:37,scattered clouds
132,Aksu,41.1231,80.2644,281.51,43,6,1.56,CN,2021-10-25 21:25:38,clear sky
133,Iranshahr,27.2025,60.6848,297.34,46,0,2.06,IR,2021-10-25 21:25:38,clear sky
134,Westport,41.1415,-73.3579,295.96,89,75,0.45,US,2021-10-25 21:20:56,broken clouds
135,Bara,10.3744,10.7288,301.47,44,91,2.81,NG,2021-10-25 21:25:39,overcast clouds
136,Hambantota,6.1241,81.1185,299.11,85,99,5.05,LK,2021-10-25 21:20:45,heavy intensity rain
137,Riva,38.9521,-76.578,298.38,82,1,0.89,US,2021-10-25 21:25:40,clear sky
138,Sao Filipe,14.8961,-24.4956,299.31,74,30,4.16,CV,2021-10-25 21:24:02,scattered clouds
139,Calamar,10.2511,-74.9146,299.12,75,69,2.12,CO,2021-10-25 21:25:41,broken clouds
140,Ylojarvi,61.5563,23.5961,279.71,88,90,4.12,FI,2021-10-25 21:25:41,overcast clouds
141,Vila,42.0304,-8.1588,283.11,86,2,1.4,PT,2021-10-25 21:25:42,clear sky
142,Skerries,53.5828,-6.1083,284.31,79,99,7.09,IE,2021-10-25 21:25:42,overcast clouds
143,East London,-33.0153,27.9116,291.39,78,88,6.92,ZA,2021-10-25 21:25:43,light rain
144,Sabang,5.8933,95.3214,299.98,79,100,2.44,ID,2021-10-25 21:25:43,overcast clouds
145,Locri,38.2414,16.2623,290.83,92,99,7.32,IT,2021-10-25 21:25:44,overcast clouds
146,Edd,13.9297,41.6925,303.95,53,0,7.25,ER,2021-10-25 21:25:44,clear sky
147,Palmer,42.1584,-72.3287,286.01,84,90,1.34,US,2021-10-25 21:25:45,overcast clouds
148,Taoudenni,22.6783,-3.9836,304.84,17,53,4.04,ML,2021-10-25 21:25:45,broken clouds
149,Rocha,-34.4833,-54.3333,292.67,65,0,2.9,UY,2021-10-25 21:24:14,clear sky
150,Los Alamos,35.8881,-106.307,295.61,23,1,4.02,US,2021-10-25 21:25:46,clear sky
151,Kamenka,51.3223,42.7678,271.45,71,24,2.13,RU,2021-10-25 21:25:46,few clouds
152,Camacha,33.0833,-16.3333,292.57,68,75,5.66,PT,2021-10-25 21:25:47,broken clouds
153,Upernavik,72.7868,-56.1549,263.77,62,8,2.63,GL,2021-10-25 21:24:13,clear sky
154,Asfi,32.2994,-9.2372,292.51,88,37,4.84,MA,2021-10-25 21:25:48,scattered clouds
155,Torbay,47.6666,-52.7314,278.47,74,90,6.69,CA,2021-10-25 21:24:24,overcast clouds
156,Marawi,7.9986,124.2928,292.4,91,100,0.79,PH,2021-10-25 21:25:48,overcast clouds
157,Fairbanks,64.8378,-147.7164,271.82,92,90,0.0,US,2021-10-25 21:25:49,overcast clouds
158,Pacific Grove,36.6177,-121.9166,291.73,76,40,2.68,US,2021-10-25 21:23:46,scattered clouds
159,Fort Nelson,58.8053,-122.7002,271.92,100,90,1.54,CA,2021-10-25 21:25:49,fog
160,Kirovskiy,45.0917,133.5136,277.39,80,0,2.62,RU,2021-10-25 21:25:50,clear sky
161,Mastung,29.7994,66.845,286.09,43,75,1.41,PK,2021-10-25 21:25:50,broken clouds
162,Ayan,56.45,138.1667,277.39,66,93,1.79,RU,2021-10-25 21:25:50,overcast clouds
163,San Pedro Del Pinatar,37.8357,-0.791,291.15,80,20,1.34,ES,2021-10-25 21:25:51,few clouds
164,Norman Wells,65.282,-126.8329,268.17,93,90,2.06,CA,2021-10-25 21:25:52,overcast clouds
165,Ceska Kamenice,50.7978,14.4177,281.46,69,100,2.21,CZ,2021-10-25 21:25:52,overcast clouds
166,Poso,-1.3959,120.7524,297.71,87,55,2.01,ID,2021-10-25 21:25:53,broken clouds
167,Cayenne,4.9333,-52.3333,298.17,92,75,0.45,GF,2021-10-25 21:21:38,moderate rain
168,Waingapu,-9.6567,120.2641,299.31,82,72,1.39,ID,2021-10-25 21:25:53,broken clouds
169,Vardo,70.3705,31.1107,273.26,78,100,10.55,NO,2021-10-25 21:25:54,light snow
170,Cabo San Lucas,22.8909,-109.9124,305.66,57,1,5.66,MX,2021-10-25 21:25:07,clear sky
171,Hualmay,-11.0964,-77.6139,292.72,72,35,4.05,PE,2021-10-25 21:25:54,scattered clouds
172,Lianzhou,24.7811,112.3825,287.11,94,4,0.57,CN,2021-10-25 21:20:56,clear sky
173,Russell,32.3502,-85.1999,299.8,67,40,2.57,US,2021-10-25 21:25:55,scattered clouds
174,Zapolyarnyy,69.4154,30.8136,268.75,92,100,1.74,RU,2021-10-25 21:25:56,light snow
175,Harper,4.375,-7.7169,298.82,80,100,3.85,LR,2021-10-25 21:25:56,overcast clouds
176,Namatanai,-3.6667,152.4333,300.18,77,82,1.71,PG,2021-10-25 21:23:13,broken clouds
177,Ostrovnoy,68.0531,39.5131,266.81,95,60,3.1,RU,2021-10-25 21:25:14,broken clouds
178,Ponta Do Sol,32.6667,-17.1,294.66,71,23,3.11,PT,2021-10-25 21:25:57,few clouds
179,Matara,5.9485,80.5353,298.24,90,96,3.9,LK,2021-10-25 21:25:58,moderate rain
180,Haverfordwest,51.8017,-4.9691,285.92,92,47,5.99,GB,2021-10-25 21:25:58,scattered clouds
181,Constitucion,-35.3333,-72.4167,291.07,63,78,8.97,CL,2021-10-25 21:25:58,broken clouds
182,Meulaboh,4.1363,96.1285,296.87,91,96,1.88,ID,2021-10-25 21:25:59,overcast clouds
183,Dikson,73.5069,80.5464,263.03,82,100,7.69,RU,2021-10-25 21:26:00,overcast clouds
184,Cherskiy,68.75,161.3,248.82,96,99,0.82,RU,2021-10-25 21:26:00,overcast clouds
185,Egvekinot,66.3167,-179.1667,255.65,87,15,3.02,RU,2021-10-25 21:26:01,few clouds
186,Zhigansk,66.7697,123.3711,267.64,96,100,4.44,RU,2021-10-25 21:24:30,light snow
187,Bathsheba,13.2167,-59.5167,301.49,74,75,10.8,BB,2021-10-25 21:26:01,broken clouds
188,Coos Bay,43.3665,-124.2179,287.21,94,90,6.69,US,2021-10-25 21:23:42,overcast clouds
189,Zyryanka,65.75,150.85,255.99,97,99,1.8,RU,2021-10-25 21:26:02,overcast clouds
190,Zhezkazgan,47.8043,67.7144,280.69,42,96,2.48,KZ,2021-10-25 21:26:03,overcast clouds
191,Port Blair,11.6667,92.75,300.0,82,92,3.12,IN,2021-10-25 21:21:07,overcast clouds
192,Chokurdakh,70.6333,147.9167,242.5,100,97,0.69,RU,2021-10-25 21:24:24,overcast clouds
193,Broager,54.8874,9.681,284.21,93,90,2.57,DK,2021-10-25 21:26:04,mist
194,Doha,25.2867,51.5333,301.14,57,0,3.6,QA,2021-10-25 21:26:04,clear sky
195,Pitimbu,-7.4706,-34.8086,300.48,68,41,6.83,BR,2021-10-25 21:26:05,scattered clouds
196,The Valley,18.217,-63.0578,302.23,70,20,6.17,AI,2021-10-25 21:26:05,few clouds
197,Jucas,-6.5253,-39.5275,304.6,25,28,2.27,BR,2021-10-25 21:26:06,scattered clouds
198,Beatrice,40.2681,-96.747,286.89,66,1,3.09,US,2021-10-25 21:26:06,clear sky
199,San Pedro De Ycuamandiyu,-24.0917,-57.0764,300.16,42,0,0.51,PY,2021-10-25 21:26:07,clear sky
200,Hervey Bay,-25.2986,152.8535,296.5,86,100,4.3,AU,2021-10-25 21:26:07,overcast clouds
201,Dubki,43.0225,46.8372,274.07,95,100,3.89,RU,2021-10-25 21:26:08,light rain
202,Aykhal,66.0,111.5,264.03,96,99,5.44,RU,2021-10-25 21:26:08,overcast clouds
203,Provideniya,64.3833,-173.3,267.21,58,90,3.0,RU,2021-10-25 21:26:09,light snow
204,Portland,45.5234,-122.6762,286.17,84,90,0.89,US,2021-10-25 21:20:39,light rain
205,Katsuura,35.1333,140.3,286.59,93,100,12.47,JP,2021-10-25 21:26:09,overcast clouds
206,Iqaluit,63.7506,-68.5145,273.0,86,90,1.79,CA,2021-10-25 21:26:10,overcast clouds
207,Banjar,-8.19,114.9675,298.1,91,92,2.12,ID,2021-10-25 21:25:11,overcast clouds
208,Tukums,56.9669,23.1553,276.79,73,100,4.59,LV,2021-10-25 21:26:10,overcast clouds
209,Hobyo,5.3505,48.5268,299.77,74,39,5.02,SO,2021-10-25 21:26:11,scattered clouds
210,Kiblawan,6.6142,125.2367,296.77,97,100,1.3,PH,2021-10-25 21:26:11,overcast clouds
211,Barrow,71.2906,-156.7887,270.16,86,90,7.2,US,2021-10-25 21:26:12,mist
212,Severo-Kurilsk,50.6789,156.125,277.95,73,4,4.29,RU,2021-10-25 21:24:59,clear sky
213,Saldanha,-33.0117,17.9442,291.18,77,40,4.69,ZA,2021-10-25 21:24:21,scattered clouds
214,Mangai,-4.05,19.5333,293.81,99,100,0.99,CD,2021-10-25 21:26:13,overcast clouds
215,Varkaus,62.3153,27.873,279.21,92,100,4.07,FI,2021-10-25 21:26:13,overcast clouds
216,Chapais,49.7834,-74.8492,278.03,67,100,2.4,CA,2021-10-25 21:26:14,overcast clouds
217,Karatuzskoye,53.6072,92.8667,276.88,76,15,2.11,RU,2021-10-25 21:26:15,few clouds
218,Faanui,-16.4833,-151.75,298.83,80,96,2.51,PF,2021-10-25 21:26:15,moderate rain
219,Kuala Terengganu,5.3302,103.1408,299.12,94,40,1.54,MY,2021-10-25 21:26:16,scattered clouds
220,Monrovia,6.3005,-10.7969,299.02,87,100,3.36,LR,2021-10-25 21:22:34,moderate rain
221,Dogondoutchi,13.6393,4.0287,305.09,13,12,2.14,NE,2021-10-25 21:26:16,few clouds
222,Maltahohe,-24.8333,16.9833,291.11,36,0,3.99,NA,2021-10-25 21:26:17,clear sky
223,Acarau,-2.8856,-40.12,300.19,70,3,8.41,BR,2021-10-25 21:26:17,clear sky
224,Mount Gambier,-37.8333,140.7667,279.1,87,9,2.57,AU,2021-10-25 21:26:18,clear sky
225,Souillac,-20.5167,57.5167,294.36,88,75,6.69,MU,2021-10-25 21:24:49,light intensity shower rain
226,Tessalit,20.1986,1.0114,304.67,17,85,3.37,ML,2021-10-25 21:26:18,overcast clouds
227,Huicungo,-7.2833,-76.8,303.14,64,96,1.39,PE,2021-10-25 21:26:19,moderate rain
228,Honiara,-9.4333,159.95,300.95,79,12,2.16,SB,2021-10-25 21:26:19,few clouds
229,Montepuez,-13.1256,38.9997,295.72,84,3,3.45,MZ,2021-10-25 21:26:20,clear sky
230,Kavaratti,10.5669,72.642,300.96,75,29,6.49,IN,2021-10-25 21:26:20,scattered clouds
231,Khatanga,71.9667,102.5,258.65,96,100,3.61,RU,2021-10-25 21:26:21,light snow
232,Kurilsk,45.2333,147.8833,282.29,85,98,2.54,RU,2021-10-25 21:26:21,overcast clouds
233,Kushmurun,52.4503,64.6311,276.92,95,100,6.74,KZ,2021-10-25 21:26:22,light rain
234,Szob,47.8192,18.8702,280.31,63,40,1.7,HU,2021-10-25 21:26:22,scattered clouds
235,Narsaq,60.9167,-46.05,271.27,46,37,4.87,GL,2021-10-25 21:26:23,scattered clouds
236,Thompson,55.7435,-97.8558,278.24,65,75,2.06,CA,2021-10-25 21:25:29,broken clouds
237,Coquimbo,-29.9533,-71.3436,289.0,77,75,5.14,CL,2021-10-25 21:23:16,broken clouds
238,Butaritari,3.0707,172.7902,300.66,76,5,3.47,KI,2021-10-25 21:26:23,clear sky
239,Goderich,43.7501,-81.7165,280.33,87,100,7.72,CA,2021-10-25 21:21:38,overcast clouds
240,Bonavista,48.6499,-53.1147,278.77,63,90,9.81,CA,2021-10-25 21:26:24,overcast clouds
241,Price,39.5994,-110.8107,291.55,36,1,1.54,US,2021-10-25 21:25:46,clear sky
242,Boyolangu,-8.1181,111.8935,297.31,82,57,1.03,ID,2021-10-25 21:24:06,broken clouds
243,Saint Anthony,45.0205,-93.218,286.23,43,1,0.45,US,2021-10-25 21:26:25,clear sky
244,Akyab,20.15,92.9,298.01,84,34,2.1,MM,2021-10-25 21:26:25,scattered clouds
245,Pangnirtung,66.1451,-65.7125,269.15,74,75,1.03,CA,2021-10-25 21:24:19,broken clouds
246,Kununurra,-15.7667,128.7333,298.14,83,85,0.0,AU,2021-10-25 21:26:23,overcast clouds
247,Tautira,-17.7333,-149.15,301.16,75,91,1.75,PF,2021-10-25 21:26:26,light rain
248,San Felipe,10.3399,-68.7425,299.28,80,75,3.62,VE,2021-10-25 21:26:27,broken clouds
249,Dudinka,69.4058,86.1778,263.22,95,99,4.96,RU,2021-10-25 21:26:27,overcast clouds
250,Ahipara,-35.1667,173.1667,292.29,65,13,1.51,NZ,2021-10-25 21:22:54,few clouds
251,Salinopolis,-0.6136,-47.3561,300.41,81,48,5.42,BR,2021-10-25 21:26:28,scattered clouds
252,Kologriv,58.8275,44.3178,272.1,96,100,4.92,RU,2021-10-25 21:26:28,snow
253,Mana,5.6592,-53.7767,299.04,85,99,4.63,GF,2021-10-25 21:26:29,moderate rain
254,Pavlogradka,54.2024,73.5592,280.71,84,100,5.97,RU,2021-10-25 21:26:29,moderate rain
255,Bethel,41.3712,-73.414,294.26,85,1,3.09,US,2021-10-25 21:24:45,clear sky
256,Guhagar,17.4842,73.1929,296.1,87,6,2.02,IN,2021-10-25 21:26:30,clear sky
257,Ouallam,14.3188,2.0866,305.95,12,28,1.67,NE,2021-10-25 21:23:57,scattered clouds
258,Tomatlan,19.9333,-105.25,300.06,82,100,0.6,MX,2021-10-25 21:26:31,overcast clouds
259,Uthal,25.8072,66.6219,298.32,41,0,0.27,PK,2021-10-25 21:26:31,clear sky
260,Lavrentiya,65.5833,-171.0,265.08,78,100,4.51,RU,2021-10-25 21:26:22,overcast clouds
261,Kruisfontein,-34.0033,24.7314,289.75,92,4,2.18,ZA,2021-10-25 21:26:32,clear sky
262,Teknaf,20.8624,92.3058,297.23,88,100,1.57,BD,2021-10-25 21:26:33,overcast clouds
263,San Marcos,33.1434,-117.1661,293.03,83,90,1.34,US,2021-10-25 21:22:29,mist
264,Keta,5.9179,0.9879,301.27,79,100,4.3,GH,2021-10-25 21:26:34,moderate rain
265,Bud,39.447,-86.1758,285.6,94,100,5.05,US,2021-10-25 21:26:35,light rain
266,Chirongui,-12.9319,45.1483,300.11,80,28,5.67,YT,2021-10-25 21:26:35,light rain
267,Macultepec,18.1667,-92.8333,307.22,61,40,2.57,MX,2021-10-25 21:26:36,scattered clouds
268,Vanimo,-2.6741,141.3028,298.37,87,54,1.92,PG,2021-10-25 21:25:11,broken clouds
269,Raudeberg,61.9875,5.1352,283.26,86,100,2.68,NO,2021-10-25 21:26:37,light rain
270,Trinidad,-14.8333,-64.9,303.14,48,40,3.09,BO,2021-10-25 21:26:37,scattered clouds
271,Komsomolskiy,40.4272,71.7189,281.83,49,0,3.09,UZ,2021-10-25 21:26:03,clear sky
272,Kingisepp,59.3733,28.6134,277.68,86,58,3.85,RU,2021-10-25 21:26:38,broken clouds
273,Kapoeta,4.7717,33.5903,303.15,37,100,7.48,SS,2021-10-25 21:26:39,overcast clouds
274,Faya,18.3851,42.4509,288.21,74,1,0.98,SA,2021-10-25 21:26:40,clear sky
275,Batemans Bay,-35.7167,150.1833,288.26,55,5,1.27,AU,2021-10-25 21:24:54,clear sky
276,Ibra,22.6906,58.5334,298.08,56,0,1.52,OM,2021-10-25 21:26:40,clear sky
277,Longyearbyen,78.2186,15.6401,266.06,63,20,8.23,SJ,2021-10-25 21:26:41,few clouds
278,Elat,29.5581,34.9482,297.06,53,0,6.17,IL,2021-10-25 21:26:41,clear sky
279,Santiago Del Estero,-27.7951,-64.2615,307.49,8,0,5.55,AR,2021-10-25 21:23:56,clear sky
280,Oranjestad,12.524,-70.027,303.12,66,20,9.26,AW,2021-10-25 21:24:11,few clouds
281,That Phanom,16.9364,104.7104,291.43,89,54,2.43,TH,2021-10-25 21:26:42,broken clouds
282,Deming,32.2687,-107.7586,301.25,18,1,4.12,US,2021-10-25 21:26:43,clear sky
283,College,64.8569,-147.8028,271.81,91,90,0.0,US,2021-10-25 21:26:44,overcast clouds
284,Vao,-22.6667,167.4833,295.06,71,48,4.89,NC,2021-10-25 21:26:44,scattered clouds
285,Salina Cruz,16.1667,-95.2,303.59,65,73,4.51,MX,2021-10-25 21:26:45,broken clouds
286,Alice Springs,-23.7,133.8833,294.9,43,14,3.09,AU,2021-10-25 21:21:50,few clouds
287,Buchanan,5.8808,-10.0467,299.13,88,100,2.82,LR,2021-10-25 21:25:05,moderate rain
288,Bykovo,55.6361,38.0803,274.49,74,0,1.0,RU,2021-10-25 21:26:45,clear sky
289,Kenai,60.5544,-151.2583,278.79,88,1,3.6,US,2021-10-25 21:22:51,clear sky
290,Umm Lajj,25.0213,37.2685,299.59,55,0,3.16,SA,2021-10-25 21:26:46,clear sky
291,Luderitz,-26.6481,15.1594,287.36,87,5,1.72,NA,2021-10-25 21:26:46,clear sky
292,Kesova Gora,57.5836,37.2922,274.11,89,59,5.95,RU,2021-10-25 21:26:47,broken clouds
293,Turka,49.1541,23.0297,277.56,69,3,2.76,UA,2021-10-25 21:26:47,clear sky
294,Panjakent,39.4952,67.6093,280.04,34,99,1.29,TJ,2021-10-25 21:26:48,overcast clouds
295,Codrington,-38.2667,141.9667,279.47,83,48,3.31,AU,2021-10-25 21:26:48,scattered clouds
296,Oktyabrskiy,54.4815,53.471,271.82,78,10,3.55,RU,2021-10-25 21:26:49,clear sky
297,Kavieng,-2.5744,150.7967,300.92,72,98,1.51,PG,2021-10-25 21:24:18,overcast clouds
298,Zarand,30.8127,56.564,285.6,25,0,1.32,IR,2021-10-25 21:26:49,clear sky
299,Hasaki,35.7333,140.8333,288.37,90,100,13.51,JP,2021-10-25 21:26:50,overcast clouds
300,Sechura,-5.5569,-80.8222,297.41,59,94,6.55,PE,2021-10-25 21:26:50,overcast clouds
301,Paka,4.6374,103.4368,298.11,94,39,0.0,MY,2021-10-25 21:26:51,scattered clouds
302,Andilamena,-17.0167,48.5833,289.41,90,10,3.07,MG,2021-10-25 21:26:51,clear sky
303,Candolim,15.5181,73.7626,298.65,83,32,4.42,IN,2021-10-25 21:26:52,scattered clouds
304,Novo Aripuana,-5.1206,-60.3797,304.26,60,76,1.29,BR,2021-10-25 21:26:52,broken clouds
305,Innisfail,-17.5333,146.0333,296.49,79,92,1.12,AU,2021-10-25 21:26:52,overcast clouds
306,Mayumba,-3.432,10.6554,297.98,91,100,4.91,GA,2021-10-25 21:26:53,light rain
307,Nanortalik,60.1432,-45.2371,273.95,63,33,2.95,GL,2021-10-25 21:26:53,scattered clouds
308,Isangel,-19.55,169.2667,301.21,69,75,4.12,VU,2021-10-25 21:22:47,broken clouds
309,Vanavara,60.34,102.2797,276.25,98,100,5.12,RU,2021-10-25 21:26:55,moderate rain
310,Chuy,-33.6971,-53.4616,296.6,60,0,3.9,UY,2021-10-25 21:26:56,clear sky
311,Pullman,46.7313,-117.1796,286.4,63,75,0.89,US,2021-10-25 21:22:04,broken clouds
312,Dalvik,65.9702,-18.5286,273.11,80,44,3.87,IS,2021-10-25 21:26:56,scattered clouds
313,Totoral,-17.4053,-70.365,292.92,38,0,3.66,PE,2021-10-25 21:26:57,clear sky
314,Itarema,-2.9248,-39.9167,300.01,71,3,7.54,BR,2021-10-25 21:26:37,clear sky
315,Port Lincoln,-34.7333,135.8667,288.52,64,99,6.59,AU,2021-10-25 21:22:07,overcast clouds
316,Qujing,25.4833,103.7833,286.6,95,100,3.18,CN,2021-10-25 21:26:57,overcast clouds
317,Husavik,66.0449,-17.3389,273.1,79,90,3.08,IS,2021-10-25 21:26:58,overcast clouds
318,San Bernardo,-33.6,-70.7167,303.01,14,56,3.05,CL,2021-10-25 21:26:58,broken clouds
319,Sidi Ali,36.0998,0.4206,290.56,63,100,4.11,DZ,2021-10-25 21:26:59,overcast clouds
320,Santa Cruz Del Sur,20.7147,-77.9956,302.35,70,46,2.64,CU,2021-10-25 21:26:59,scattered clouds
321,Camacupa,-12.0167,17.4833,291.18,79,76,2.17,AO,2021-10-25 21:27:00,broken clouds
322,Katakwi,1.8911,33.9661,294.33,71,65,3.0,UG,2021-10-25 21:27:00,broken clouds
323,Lazaro Cardenas,17.9583,-102.2,297.42,95,100,3.12,MX,2021-10-25 21:27:01,overcast clouds
324,Tshela,-4.9833,12.9333,296.67,95,100,0.52,CD,2021-10-25 21:27:01,light rain
325,Hornepayne,49.2138,-84.7705,277.12,75,85,3.34,CA,2021-10-25 21:27:02,overcast clouds
326,Koungou,-12.7336,45.2042,299.99,78,0,4.12,YT,2021-10-25 21:27:03,clear sky
327,Bafq,31.6128,55.4107,289.56,23,0,0.88,IR,2021-10-25 21:27:03,clear sky
328,Moose Factory,51.2585,-80.6094,279.15,93,90,1.54,CA,2021-10-25 21:27:04,mist
329,Pontes E Lacerda,-15.2261,-59.3353,300.91,51,100,1.55,BR,2021-10-25 21:27:05,overcast clouds
330,Straumen,63.8709,11.2999,281.27,90,100,1.37,NO,2021-10-25 21:22:15,overcast clouds
331,Luleburgaz,41.4039,27.3592,284.8,67,60,4.42,TR,2021-10-25 21:27:06,broken clouds
332,Flin Flon,54.7682,-101.865,280.06,61,75,6.69,CA,2021-10-25 21:27:06,broken clouds
333,Lexington,37.9887,-84.4777,287.73,72,90,0.89,US,2021-10-25 21:23:29,overcast clouds
334,Sfantu Gheorghe,45.8667,25.7833,274.78,76,0,1.89,RO,2021-10-25 21:24:06,clear sky
335,Henties Bay,-22.116,14.2845,288.07,90,0,0.08,NA,2021-10-25 21:27:08,clear sky
336,Junagadh,21.5167,70.4667,295.35,47,0,2.15,IN,2021-10-25 21:27:08,clear sky
337,Nsanje,-16.92,35.262,299.14,78,33,4.49,MW,2021-10-25 21:27:09,scattered clouds
338,Berlevag,70.8578,29.0864,272.04,74,20,2.57,NO,2021-10-25 21:26:07,light snow
339,Gubkinskiy,64.434,76.5026,268.68,87,100,3.72,RU,2021-10-25 21:27:09,overcast clouds
340,Soyo,-6.1349,12.3689,298.07,83,83,2.07,AO,2021-10-25 21:24:41,broken clouds
341,Dutse,11.7594,9.3392,301.32,30,67,0.98,NG,2021-10-25 21:27:10,broken clouds
342,Abu Samrah,35.3029,37.1841,291.46,57,78,1.47,SY,2021-10-25 21:27:11,broken clouds
343,Cartagena,10.3997,-75.5144,298.94,100,40,0.0,CO,2021-10-25 21:27:11,light intensity drizzle
344,Jalu,29.0331,21.5482,297.92,31,42,5.24,LY,2021-10-25 21:27:12,scattered clouds
345,Svetlyy,54.675,20.1347,277.18,65,100,5.44,RU,2021-10-25 21:27:12,overcast clouds
346,Kutum,14.2,24.6667,296.88,21,53,3.75,SD,2021-10-25 21:27:13,broken clouds
347,Biu,10.6129,12.1946,298.83,49,28,1.5,NG,2021-10-25 21:27:13,scattered clouds
348,Aitape,-3.1374,142.3475,298.9,85,40,1.85,PG,2021-10-25 21:23:13,scattered clouds
349,Wajir,1.7471,40.0573,299.87,66,79,3.64,KE,2021-10-25 21:27:14,broken clouds
350,Redditch,52.3065,-1.9457,283.54,92,41,1.34,GB,2021-10-25 21:27:14,scattered clouds
351,Grand Haven,43.0631,-86.2284,284.25,74,75,1.79,US,2021-10-25 21:23:24,broken clouds
352,Salinas,36.6777,-121.6555,291.96,62,1,7.2,US,2021-10-25 21:26:53,clear sky
353,Vakhrushev,48.9833,142.9667,278.79,83,1,3.5,RU,2021-10-25 21:27:15,clear sky
354,Inyonga,-6.7167,32.0667,298.4,37,100,1.62,TZ,2021-10-25 21:27:16,overcast clouds
355,Tabuk,17.4189,121.4443,294.99,93,100,0.86,PH,2021-10-25 21:26:06,overcast clouds
356,Takoradi,4.8845,-1.7554,298.79,88,72,4.33,GH,2021-10-25 21:27:17,broken clouds
357,Oktyabrskoye,43.0645,44.7417,275.01,93,100,2.0,RU,2021-10-25 21:27:17,overcast clouds
358,Sao Joao Da Barra,-21.6403,-41.0511,295.2,84,100,5.15,BR,2021-10-25 21:27:18,overcast clouds
359,Sungaipenuh,-2.0833,101.3833,291.36,96,100,0.83,ID,2021-10-25 21:27:18,overcast clouds
360,Maragogi,-9.0122,-35.2225,298.53,80,5,4.95,BR,2021-10-25 21:27:18,clear sky
361,Kuminskiy,58.6667,66.5667,273.45,97,100,4.4,RU,2021-10-25 21:27:19,snow
362,Olafsvik,64.8945,-23.7142,274.82,68,76,3.15,IS,2021-10-25 21:27:19,broken clouds
363,Fortuna,40.5982,-124.1573,289.81,68,75,1.79,US,2021-10-25 21:27:20,broken clouds
364,Oranjemund,-28.55,16.4333,288.44,84,100,3.2,NA,2021-10-25 21:27:20,overcast clouds
365,Batagay-Alyta,67.8006,130.4114,257.0,90,100,1.26,RU,2021-10-25 21:27:21,overcast clouds
366,Esmeraldas,-19.7625,-44.3139,297.32,86,97,4.29,BR,2021-10-25 21:27:21,overcast clouds
367,Vostok,46.4856,135.8833,273.06,78,2,2.25,RU,2021-10-25 21:27:22,clear sky
368,Dunedin,-45.8742,170.5036,287.48,94,100,2.68,NZ,2021-10-25 21:27:22,moderate rain
369,Kahului,20.8947,-156.47,302.74,66,20,7.72,US,2021-10-25 21:27:23,few clouds
370,Cefalu,38.0386,14.0229,292.34,78,73,1.34,IT,2021-10-25 21:27:23,broken clouds
371,Half Moon Bay,37.4636,-122.4286,292.34,69,1,0.45,US,2021-10-25 21:27:24,haze
372,Den Helder,52.9599,4.7593,286.47,94,75,6.71,NL,2021-10-25 21:27:24,broken clouds
373,Lagoa,39.05,-27.9833,292.92,72,3,5.66,PT,2021-10-25 21:27:25,clear sky
374,Hovd,48.0056,91.6419,273.72,52,9,0.38,MN,2021-10-25 21:22:38,clear sky
375,Alyangula,-13.8483,136.4192,296.08,100,90,1.54,AU,2021-10-25 21:27:25,overcast clouds
376,Touros,-5.1989,-35.4608,300.65,73,0,7.68,BR,2021-10-25 21:27:26,clear sky
377,Tura,25.5198,90.2201,292.04,93,0,1.22,IN,2021-10-25 21:25:06,clear sky
378,Asilah,35.465,-6.0348,294.13,78,99,5.99,MA,2021-10-25 21:27:26,light rain
379,Luwingu,-10.2621,29.9271,295.49,63,99,0.95,ZM,2021-10-25 21:27:27,overcast clouds
380,Det Udom,14.906,105.0784,294.05,91,78,2.19,TH,2021-10-25 21:27:27,broken clouds
381,Kathmandu,27.7167,85.3167,288.27,94,75,0.0,NP,2021-10-25 21:25:27,broken clouds
382,Mareeba,-17.0,145.4333,295.55,95,60,1.17,AU,2021-10-25 21:27:28,broken clouds
383,Lakatoro,-16.0999,167.4164,300.12,75,8,3.7,VU,2021-10-25 21:22:54,clear sky
384,Adelaide,-34.9333,138.6,289.86,44,0,5.66,AU,2021-10-25 21:22:44,clear sky
385,La Palma,33.8464,-118.0467,292.77,94,90,1.34,US,2021-10-25 21:27:29,light rain
386,Qaqortoq,60.7167,-46.0333,271.43,43,59,3.04,GL,2021-10-25 21:27:30,broken clouds
387,Crixas,-14.5489,-49.9692,300.18,68,100,1.86,BR,2021-10-25 21:27:30,light rain
388,Saint-Pierre,-21.3393,55.4781,295.97,77,75,2.06,RE,2021-10-25 21:27:31,broken clouds
389,Esperance,-33.8667,121.9,283.06,77,61,3.77,AU,2021-10-25 21:27:31,broken clouds
390,Saint George,37.1041,-113.5841,300.41,23,75,4.47,US,2021-10-25 21:27:32,broken clouds
391,Romanovka,51.7443,42.7527,271.59,72,52,2.11,RU,2021-10-25 21:27:32,broken clouds
392,Gao,16.6362,1.637,304.41,11,6,3.66,ML,2021-10-25 21:27:33,clear sky
393,Atar,20.5169,-13.0499,303.35,20,93,3.99,MR,2021-10-25 21:27:33,overcast clouds
394,Kyshtovka,56.555,76.6271,278.01,88,100,3.87,RU,2021-10-25 21:27:34,light rain
395,Svetlaya,46.5389,138.3297,279.97,61,0,2.71,RU,2021-10-25 21:27:34,clear sky
396,Udachnyy,66.4167,112.4,266.06,95,99,2.58,RU,2021-10-25 21:27:35,light snow
397,Anloga,5.7947,0.8973,301.27,80,100,4.55,GH,2021-10-25 21:27:35,moderate rain
398,Vermilion,40.1667,-87.7506,285.54,86,90,8.05,US,2021-10-25 21:27:36,overcast clouds
399,Jacareacanga,-6.2222,-57.7528,305.5,51,85,0.63,BR,2021-10-25 21:27:36,overcast clouds
400,Clyde River,70.4692,-68.5914,269.28,68,90,0.0,CA,2021-10-25 21:27:37,overcast clouds
401,Inuvik,68.3499,-133.7218,269.63,93,90,0.0,CA,2021-10-25 21:27:37,light snow
402,Ofaqim,31.3141,34.6203,293.01,77,0,2.26,IL,2021-10-25 21:27:38,clear sky
403,Jaciara,-15.9653,-54.9683,300.98,59,94,0.41,BR,2021-10-25 21:26:37,overcast clouds
404,Kot Addu,30.4692,70.9671,293.07,48,0,1.44,PK,2021-10-25 21:27:38,clear sky
405,Asau,46.4333,26.4,275.79,70,0,1.02,RO,2021-10-25 21:24:46,clear sky
406,Mandalgovi,45.7625,106.2708,272.14,65,0,3.58,MN,2021-10-25 21:27:39,clear sky
407,Nuqui,5.7125,-77.2708,300.46,79,58,4.06,CO,2021-10-25 21:27:39,light rain
408,Seymchan,62.8833,152.4333,255.1,93,18,0.15,RU,2021-10-25 21:27:40,few clouds
409,Manzanillo,20.3433,-77.1167,302.71,65,64,4.38,CU,2021-10-25 21:27:40,broken clouds
410,Nuuk,64.1835,-51.7216,269.49,58,0,7.72,GL,2021-10-25 21:27:41,clear sky
411,Ocos,14.5094,-92.1933,304.25,74,82,3.22,GT,2021-10-25 21:27:41,broken clouds
412,Bilibino,68.0546,166.4372,246.64,94,99,1.17,RU,2021-10-25 21:27:42,overcast clouds
413,Kapenguria,1.2511,35.0895,287.11,74,80,2.19,KE,2021-10-25 21:27:42,broken clouds
414,Erenhot,43.6475,111.9767,276.67,50,0,3.96,CN,2021-10-25 21:27:43,clear sky
415,Warri,5.5167,5.75,298.23,92,100,1.91,NG,2021-10-25 21:27:43,overcast clouds
416,Kuytun,54.3419,101.5036,276.48,64,100,3.09,RU,2021-10-25 21:27:44,overcast clouds
417,Lunenburg,44.3835,-64.3155,283.18,87,100,3.09,CA,2021-10-25 21:27:44,light rain
418,Yumen,40.2833,97.2,276.04,54,23,0.93,CN,2021-10-25 21:26:39,few clouds
419,Lasa,46.6166,10.7002,278.64,47,99,0.18,IT,2021-10-25 21:26:11,overcast clouds
420,Labuan,5.2767,115.2417,298.24,94,20,0.0,MY,2021-10-25 21:27:46,light rain
421,Tromso,69.6496,18.957,271.14,93,0,1.03,NO,2021-10-25 21:27:46,clear sky
422,Slave Lake,55.2834,-114.769,278.14,100,90,3.09,CA,2021-10-25 21:27:47,overcast clouds
423,North Myrtle Beach,33.816,-78.68,298.35,84,90,1.34,US,2021-10-25 21:27:47,overcast clouds
424,San Patricio,28.017,-97.5169,307.2,54,95,4.96,US,2021-10-25 21:27:48,overcast clouds
425,Abilene,32.4487,-99.7331,308.42,26,1,0.89,US,2021-10-25 21:27:48,clear sky
426,Mecca,21.4267,39.8261,299.75,62,2,0.82,SA,2021-10-25 21:27:48,clear sky
427,Najran,17.4924,44.1277,293.51,17,18,0.16,SA,2021-10-25 21:27:49,few clouds
428,Simplicio Mendes,-7.8539,-41.9103,307.52,26,40,4.71,BR,2021-10-25 21:27:49,scattered clouds
429,Tazovskiy,67.4667,78.7,264.14,91,37,4.32,RU,2021-10-25 21:27:50,scattered clouds
430,Yar-Sale,66.8333,70.8333,265.99,90,97,2.53,RU,2021-10-25 21:24:16,overcast clouds
431,Fayaoue,-20.65,166.5333,296.91,72,1,7.16,NC,2021-10-25 21:26:49,clear sky
432,Thinadhoo,0.5333,72.9333,301.77,71,97,7.29,MV,2021-10-25 21:27:51,overcast clouds
433,Naro,37.2935,13.7936,287.9,79,94,2.76,IT,2021-10-25 21:27:51,overcast clouds
434,Coahuayana,18.7333,-103.6833,305.86,63,100,1.42,MX,2021-10-25 21:27:52,overcast clouds
435,Sorland,67.667,12.6934,281.99,95,100,8.02,NO,2021-10-25 21:25:35,light rain
436,Kerema,-7.9631,145.7785,299.22,86,100,1.49,PG,2021-10-25 21:23:13,overcast clouds
437,Tuatapere,-46.1333,167.6833,286.8,94,81,0.86,NZ,2021-10-25 21:24:28,broken clouds
438,Weligama,5.9667,80.4167,298.47,88,96,4.05,LK,2021-10-25 21:27:53,heavy intensity rain
439,Magnor,59.9511,12.1996,283.94,89,100,4.72,SE,2021-10-25 21:27:54,overcast clouds
440,Oistins,13.0667,-59.5333,301.2,74,75,10.8,BB,2021-10-25 21:27:54,broken clouds
441,Maracacume,-2.0428,-45.9592,301.54,69,85,1.95,BR,2021-10-25 21:27:55,overcast clouds
442,Grand-Lahou,5.1367,-5.0242,298.84,86,99,4.31,CI,2021-10-25 21:25:42,light rain
443,Morant Bay,17.8815,-76.4093,301.94,66,73,4.06,JM,2021-10-25 21:27:55,broken clouds
444,High Rock,26.6208,-78.2833,301.16,82,100,6.05,BS,2021-10-25 21:27:56,overcast clouds
445,Koslan,63.4564,48.8989,271.08,89,100,0.81,RU,2021-10-25 21:23:53,overcast clouds
446,Tagusao,9.1924,117.8141,299.04,83,77,2.56,PH,2021-10-25 21:27:57,broken clouds
447,Lodwar,3.1191,35.5973,302.72,46,96,7.1,KE,2021-10-25 21:27:57,overcast clouds
448,Vila Franca Do Campo,37.7167,-25.4333,292.38,76,38,2.03,PT,2021-10-25 21:27:58,scattered clouds
449,Mehamn,71.0357,27.8492,271.1,87,77,9.7,NO,2021-10-25 21:27:58,light snow
450,Tahoua,14.8888,5.2692,302.14,17,0,2.06,NE,2021-10-25 21:27:59,clear sky
451,Naryan-Mar,67.6713,53.087,267.19,83,18,4.54,RU,2021-10-25 21:28:00,few clouds
452,New Cumnock,55.3956,-4.1846,282.29,95,42,3.03,GB,2021-10-25 21:28:00,scattered clouds
453,Stjordalshalsen,63.4681,10.9262,281.27,87,0,1.54,NO,2021-10-25 21:28:01,light rain
454,Otjimbingwe,-22.35,16.1333,292.84,34,0,1.84,NA,2021-10-25 21:28:02,clear sky
455,Baruun-Urt,46.6806,113.2792,273.11,72,41,2.48,MN,2021-10-25 21:28:03,scattered clouds
456,Olimpia,-20.7372,-48.9147,301.27,63,100,3.58,BR,2021-10-25 21:28:04,overcast clouds
457,Fukue,32.6881,128.8419,292.88,58,3,6.39,JP,2021-10-25 21:28:04,clear sky
458,Kawalu,-7.3817,108.2082,295.53,89,83,0.33,ID,2021-10-25 21:28:05,broken clouds
459,Avera,33.194,-82.5271,300.88,68,79,3.71,US,2021-10-25 21:28:05,broken clouds
460,Iquique,-20.2208,-70.1431,291.17,68,27,2.28,CL,2021-10-25 21:28:05,scattered clouds
461,Ust-Maya,60.4167,134.5333,271.5,99,99,1.15,RU,2021-10-25 21:28:06,light snow
462,Morros,-9.4467,-46.3003,300.46,63,98,1.9,BR,2021-10-25 21:28:06,overcast clouds
463,Goma,-1.6792,29.2228,290.02,87,99,1.52,CD,2021-10-25 21:28:07,overcast clouds
464,Bihar,47.15,21.9167,278.02,75,0,3.09,RO,2021-10-25 21:28:07,clear sky
465,Nouakchott,18.0858,-15.9785,301.11,67,95,8.61,MR,2021-10-25 21:26:42,overcast clouds
466,Ivanovice Na Hane,49.3054,17.0934,282.96,73,100,4.39,CZ,2021-10-25 21:28:08,overcast clouds
467,La Fleche,47.6982,-0.0755,285.29,93,2,3.18,FR,2021-10-25 21:28:09,clear sky
468,Fort Myers Beach,26.452,-81.9481,303.2,80,20,0.89,US,2021-10-25 21:26:58,few clouds
469,Hanzhong,33.0728,107.0303,285.46,96,100,0.86,CN,2021-10-25 21:28:09,light rain
470,San Juan,-31.5375,-68.5364,310.41,4,2,2.48,AR,2021-10-25 21:28:10,clear sky
471,Tongzi,28.7829,105.0877,287.21,95,100,1.85,CN,2021-10-25 21:28:10,light rain
472,Hannibal,39.7084,-91.3585,283.9,66,90,3.09,US,2021-10-25 21:28:10,overcast clouds
473,Strezhevoy,60.7333,77.5889,271.14,89,100,3.78,RU,2021-10-25 21:28:11,overcast clouds
474,Araouane,18.9048,-3.5265,304.61,19,2,4.98,ML,2021-10-25 21:28:11,clear sky
475,Dali,25.7,100.1833,284.34,93,10,1.89,CN,2021-10-25 21:28:12,clear sky
476,San Jose El Idolo,14.45,-91.4167,302.35,80,46,1.73,GT,2021-10-25 21:28:12,scattered clouds
477,Sayyan,15.1718,44.3244,286.43,25,2,0.81,YE,2021-10-25 21:28:13,clear sky
478,Taitung,22.7583,121.1444,296.1,83,65,4.07,TW,2021-10-25 21:28:13,broken clouds
479,Kuyanovo,55.8014,54.5372,271.5,79,7,4.27,RU,2021-10-25 21:28:14,clear sky
480,Kaeo,-35.1,173.7833,291.66,91,28,1.29,NZ,2021-10-25 21:28:14,scattered clouds
481,Awjilah,29.1081,21.2869,298.25,30,21,5.47,LY,2021-10-25 21:28:15,few clouds
482,Nabire,-3.3667,135.4833,297.22,92,100,1.32,ID,2021-10-25 21:28:15,overcast clouds
483,Inhambane,-23.865,35.3833,294.98,82,17,3.5,MZ,2021-10-25 21:27:04,few clouds
484,Port Augusta,-32.5,137.7667,286.23,31,3,2.74,AU,2021-10-25 21:28:16,clear sky
485,Waddan,29.1614,16.139,296.53,39,0,1.29,LY,2021-10-25 21:28:16,clear sky
486,Kirakira,-10.4544,161.9205,301.21,77,28,3.75,SB,2021-10-25 21:25:11,scattered clouds
487,Bosaso,11.2842,49.1816,299.54,67,81,1.51,SO,2021-10-25 21:28:17,broken clouds
488,San Quintin,30.4833,-115.95,293.26,67,3,6.91,MX,2021-10-25 21:24:19,clear sky
489,Burnie,-41.0667,145.9167,282.17,70,0,2.65,AU,2021-10-25 21:28:18,clear sky
490,Ryde,50.73,-1.1621,284.87,87,67,1.34,GB,2021-10-25 21:28:18,broken clouds
491,Berdigestyakh,62.0989,126.6992,273.18,98,100,2.36,RU,2021-10-25 21:28:19,light snow
492,Seda,57.65,25.75,277.77,72,100,4.27,LV,2021-10-25 21:28:19,overcast clouds
493,Itapage,-3.6867,-39.5861,299.49,59,7,4.3,BR,2021-10-25 21:28:20,clear sky
494,Valparaiso,-33.0393,-71.6273,296.28,47,0,8.75,CL,2021-10-25 21:28:20,clear sky
495,Maua,-23.6678,-46.4614,292.04,89,97,2.56,BR,2021-10-25 21:28:21,overcast clouds
496,Rock Sound,24.9,-76.2,301.26,75,96,5.7,BS,2021-10-25 21:28:21,overcast clouds
497,Tafresh,34.692,50.013,280.74,25,0,0.26,IR,2021-10-25 21:28:22,clear sky
498,Vaitape,-16.5167,-151.75,298.81,80,95,2.39,PF,2021-10-25 21:28:22,moderate rain
499,Comodoro Rivadavia,-45.8667,-67.5,289.07,29,0,14.92,AR,2021-10-25 21:25:32,clear sky
500,Winnemucca,40.973,-117.7357,278.18,87,90,4.12,US,2021-10-25 21:24:16,light rain
501,Ahmadpur,18.7,76.9333,292.87,65,16,1.41,IN,2021-10-25 21:28:23,few clouds
502,Domoni,-12.2569,44.5319,299.0,84,53,4.07,KM,2021-10-25 21:28:23,broken clouds
503,Inirida,3.8653,-67.9239,297.96,96,100,1.4,CO,2021-10-25 21:28:24,overcast clouds
504,Okha,53.5739,142.9478,274.84,86,7,3.41,RU,2021-10-25 21:28:24,clear sky
505,Havoysund,70.9963,24.6622,270.64,86,97,10.37,NO,2021-10-25 21:28:25,overcast clouds
506,Marovoay,-16.1,46.6333,299.23,61,7,2.87,MG,2021-10-25 21:28:25,clear sky
507,Zhob,31.3411,69.4481,286.59,54,1,0.78,PK,2021-10-25 21:28:26,clear sky
508,Quatre Cocos,-20.2078,57.7625,294.21,77,13,8.06,MU,2021-10-25 21:24:25,light rain
509,Villa Carlos Paz,-31.4241,-64.4978,308.74,15,0,1.79,AR,2021-10-25 21:28:27,clear sky
510,Lorengau,-2.0226,147.2712,300.96,75,47,1.87,PG,2021-10-25 21:28:27,scattered clouds
511,Ukiah,39.1502,-123.2078,289.72,69,20,0.0,US,2021-10-25 21:28:28,few clouds
512,Danielskuil,-28.1887,23.5395,288.91,45,0,2.35,ZA,2021-10-25 21:28:28,clear sky
513,Beian,63.6559,9.5683,283.15,93,40,2.06,NO,2021-10-25 21:28:29,scattered clouds
514,Chimbote,-9.0853,-78.5783,292.52,73,43,4.88,PE,2021-10-25 21:23:46,scattered clouds
515,Yarmolyntsi,49.1924,26.8373,275.63,52,3,5.0,UA,2021-10-25 21:28:29,clear sky
516,Neyshabur,36.2133,58.7958,285.09,27,0,0.73,IR,2021-10-25 21:28:30,clear sky
517,Sitka,57.0531,-135.33,281.09,71,75,2.06,US,2021-10-25 21:28:30,broken clouds
518,Celestun,20.8667,-90.4,302.65,73,17,4.8,MX,2021-10-25 21:28:31,few clouds
519,Pocoes,-14.5297,-40.3653,293.86,96,100,2.98,BR,2021-10-25 21:28:31,overcast clouds
520,Sao Sebastiao,-23.76,-45.4097,292.88,92,98,3.6,BR,2021-10-25 21:28:32,overcast clouds
521,Yuzhno-Kurilsk,44.0306,145.8556,283.1,79,100,2.98,RU,2021-10-25 21:28:33,overcast clouds
522,Chingirlau,51.095,54.0814,277.9,78,100,6.51,KZ,2021-10-25 21:28:33,overcast clouds
523,Dubai,25.2582,55.3047,301.46,59,0,1.36,AE,2021-10-25 21:24:57,clear sky
524,Ixtapa,20.7,-105.2,302.16,70,90,4.12,MX,2021-10-25 21:28:34,overcast clouds
525,Goure,13.9835,10.2704,304.27,16,2,3.55,NE,2021-10-25 21:28:34,clear sky
526,Tarauaca,-8.1614,-70.7656,295.81,92,100,1.76,BR,2021-10-25 21:28:35,overcast clouds
527,Santa Barbara,34.7333,-120.0343,287.63,84,75,4.63,US,2021-10-25 21:24:59,broken clouds
528,Arroyo,41.6096,-4.7969,284.59,69,65,2.27,ES,2021-10-25 21:28:35,broken clouds
529,Vrangel,42.7297,133.0839,283.12,83,21,1.73,RU,2021-10-25 21:28:36,few clouds
530,Hirado,33.3597,129.5531,285.79,58,0,6.54,JP,2021-10-25 21:28:36,clear sky
531,Peterhead,57.5058,-1.7981,280.44,72,3,5.11,GB,2021-10-25 21:28:37,clear sky
532,Bukachacha,52.9833,116.9167,271.78,79,4,1.4,RU,2021-10-25 21:26:39,clear sky
533,Maple Creek,49.9168,-109.4848,285.42,58,100,4.63,CA,2021-10-25 21:28:37,overcast clouds
534,High Level,58.5169,-117.136,278.21,93,90,5.66,CA,2021-10-25 21:28:38,overcast clouds
535,Vidim,56.4088,103.1106,279.62,76,100,7.55,RU,2021-10-25 21:28:39,overcast clouds
536,Nome,64.5011,-165.4064,270.46,74,75,5.66,US,2021-10-25 21:28:39,broken clouds
537,West Sacramento,38.5805,-121.5302,293.02,53,75,3.09,US,2021-10-25 21:28:39,broken clouds
538,Bantogon,6.5333,124.0333,299.28,77,100,1.27,PH,2021-10-25 21:28:40,overcast clouds
539,Central Point,42.376,-122.9164,289.48,61,75,0.89,US,2021-10-25 21:28:40,broken clouds
540,Tarija,-21.5355,-64.7296,299.1,25,0,3.09,BO,2021-10-25 21:28:41,clear sky
541,Gizo,-8.103,156.8419,301.36,75,31,3.09,SB,2021-10-25 21:28:41,scattered clouds
542,Flagstaff,35.1981,-111.6513,292.41,48,1,5.36,US,2021-10-25 21:16:53,clear sky
543,Lingao,19.9103,109.6859,294.97,81,65,2.48,CN,2021-10-25 21:28:42,light rain
544,Bassar,9.25,0.7833,299.15,68,34,1.32,TG,2021-10-25 21:28:42,scattered clouds
545,Telimele,10.9167,-13.3333,295.73,96,99,0.89,GN,2021-10-25 21:28:43,light rain
546,Barbastro,42.0356,0.1269,283.25,45,75,1.91,ES,2021-10-25 21:28:43,broken clouds
547,Adana,36.985,35.2881,295.16,35,0,3.09,TR,2021-10-25 21:28:44,clear sky
548,Lowestoft,52.4752,1.7516,283.28,90,96,4.62,GB,2021-10-25 21:28:45,overcast clouds
549,Labuhan,-6.8844,112.2051,299.44,78,70,2.29,ID,2021-10-25 21:24:45,broken clouds
550,Conde,-7.2597,-34.9075,299.85,74,40,4.63,BR,2021-10-25 21:28:45,scattered clouds
551,Ferme-Neuve,46.7001,-75.4493,281.03,57,99,3.75,CA,2021-10-25 21:28:46,overcast clouds
552,Taltal,-25.4,-70.4833,290.61,68,23,1.5,CL,2021-10-25 21:28:46,few clouds
553,Uni,57.7535,51.4923,269.01,89,19,3.45,RU,2021-10-25 21:28:47,few clouds
554,Yeppoon,-23.1333,150.7333,294.03,84,100,3.74,AU,2021-10-25 21:28:47,light rain
555,Beyneu,45.3167,55.2,283.93,41,100,7.3,KZ,2021-10-25 21:28:48,overcast clouds
556,Masvingo,-20.0637,30.8277,289.13,88,79,4.14,ZW,2021-10-25 21:28:48,broken clouds
557,Marienburg,54.0359,19.0266,280.4,78,100,3.59,PL,2021-10-25 21:25:14,overcast clouds
558,Port Hardy,50.6996,-127.4199,285.15,76,75,9.77,CA,2021-10-25 21:28:49,broken clouds
559,Amahai,-3.3333,128.9167,298.31,83,53,1.61,ID,2021-10-25 21:28:50,broken clouds
560,Bowen,-20.0167,148.2333,297.27,71,98,3.86,AU,2021-10-25 21:28:50,overcast clouds
561,Sao Felix Do Xingu,-6.6447,-51.995,299.59,78,82,1.26,BR,2021-10-25 21:28:51,broken clouds
562,Robertsport,6.7533,-11.3686,300.1,78,100,3.18,LR,2021-10-25 21:28:51,overcast clouds
563,Xai-Xai,-25.0519,33.6442,294.68,93,98,3.34,MZ,2021-10-25 21:28:51,overcast clouds
564,Tiznit,29.5833,-9.5,289.98,77,0,0.73,MA,2021-10-25 21:28:52,clear sky
565,Hirara,24.8,125.2833,297.67,64,100,8.37,JP,2021-10-25 21:28:53,overcast clouds
566,Payo,-3.7508,103.6372,295.43,97,85,0.85,ID,2021-10-25 21:28:53,overcast clouds
567,Novikovo,51.1537,37.8879,273.04,67,8,1.57,RU,2021-10-25 21:28:54,clear sky
568,Waw,7.7029,27.9953,299.4,62,90,0.62,SS,2021-10-25 21:28:54,light rain
569,Nouadhibou,20.931,-17.0347,295.14,73,100,5.14,MR,2021-10-25 21:28:55,overcast clouds
570,Niquero,20.0431,-77.5828,302.73,68,56,0.85,CU,2021-10-25 21:28:55,broken clouds
571,Vysokopillya,47.4919,33.5306,273.36,57,0,2.63,UA,2021-10-25 21:28:56,clear sky
572,Benghazi,32.1167,20.0667,296.37,77,21,4.28,LY,2021-10-25 21:28:56,few clouds
573,Gat,31.61,34.7642,293.53,78,0,1.61,IL,2021-10-25 21:26:04,clear sky
574,Svetlogorsk,52.6333,29.7333,275.0,65,82,3.93,BY,2021-10-25 21:28:57,broken clouds
575,Boralday,43.3578,76.8594,275.07,80,20,2.0,KZ,2021-10-25 21:28:57,few clouds
576,Yenagoa,4.9247,6.2642,297.54,93,99,1.68,NG,2021-10-25 21:28:58,overcast clouds
577,Magway,20.15,94.9167,296.72,92,48,0.35,MM,2021-10-25 21:28:58,scattered clouds
578,Bubaque,11.2833,-15.8333,301.54,74,86,2.85,GW,2021-10-25 21:28:59,overcast clouds
579,Parrita,9.5201,-84.3225,302.88,83,78,1.73,CR,2021-10-25 21:28:59,broken clouds
580,Muros,42.7762,-9.0603,289.17,95,0,2.74,ES,2021-10-25 21:29:00,clear sky
581,Yangjiang,21.85,111.9667,291.07,78,7,3.45,CN,2021-10-25 21:29:00,clear sky
582,Sioux Lookout,50.1001,-91.917,279.36,75,75,2.57,CA,2021-10-25 21:29:01,broken clouds
583,Matadi,-5.8167,13.45,298.37,86,99,3.67,CD,2021-10-25 21:29:02,moderate rain
584,Igarka,67.4667,86.5833,266.06,94,90,4.53,RU,2021-10-25 21:29:02,overcast clouds
585,Bilma,18.6853,12.9164,301.4,15,0,1.85,NE,2021-10-25 21:29:03,clear sky
586,Cabedelo,-6.9811,-34.8339,300.52,67,52,7.82,BR,2021-10-25 21:29:04,broken clouds
587,Umea,63.8284,20.2597,273.11,100,75,0.0,SE,2021-10-25 21:29:04,fog
588,Namibe,-15.1961,12.1522,290.86,84,9,3.12,AO,2021-10-25 21:29:05,clear sky
589,Victor Harbor,-35.5667,138.6167,290.2,68,4,4.66,AU,2021-10-25 21:29:05,clear sky
590,Mahanje,-9.9333,35.3333,292.67,54,48,1.31,TZ,2021-10-25 21:29:06,scattered clouds
591,Nemuro,43.3236,145.575,284.77,84,100,3.74,JP,2021-10-25 21:29:06,overcast clouds
592,Praya,14.9215,-23.5087,299.45,78,75,8.23,CV,2021-10-25 21:29:07,broken clouds
593,Dingzhou,38.5131,114.9956,282.21,65,100,2.13,CN,2021-10-25 21:29:07,light rain
594,Boca Do Acre,-8.7522,-67.3978,295.57,94,100,1.67,BR,2021-10-25 21:29:08,overcast clouds
595,Lentekhi,42.7856,42.7261,270.27,90,18,3.25,GE,2021-10-25 21:29:08,few clouds
596,Laguna,38.421,-121.4238,293.01,57,20,1.79,US,2021-10-25 21:28:23,few clouds
597,Tall Kayf,37.0833,41.0667,291.15,31,100,1.54,TR,2021-10-25 21:29:09,overcast clouds
598,Carbonia,39.1672,8.5222,290.93,81,43,0.87,IT,2021-10-25 21:29:09,scattered clouds
599,Kampot,10.6167,104.1833,298.18,87,86,2.46,KH,2021-10-25 21:29:10,overcast clouds
600,Rawson,-43.3002,-65.1023,292.83,27,100,11.57,AR,2021-10-25 21:29:11,overcast clouds
601,Sarapulka,56.8678,61.0552,271.05,78,100,5.52,RU,2021-10-25 21:29:11,overcast clouds
602,Miri,4.4148,114.0089,298.23,94,40,1.54,MY,2021-10-25 21:29:12,scattered clouds
603,Belyy Yar,53.6039,91.3903,281.09,66,0,4.0,RU,2021-10-25 21:29:12,clear sky
604,Caxias,38.7031,-9.2767,290.62,72,0,4.02,PT,2021-10-25 21:29:13,clear sky
605,Mezen,65.8522,44.24,266.19,98,83,1.66,RU,2021-10-25 21:29:13,broken clouds
606,Altay,47.8667,88.1167,277.2,39,13,3.63,CN,2021-10-25 21:29:14,few clouds
607,Metu,8.3,35.5833,286.99,94,86,1.05,ET,2021-10-25 21:29:14,overcast clouds
608,Camalu,30.85,-116.0667,293.94,66,7,6.48,MX,2021-10-25 21:29:15,clear sky
609,Rustenburg,-25.6676,27.2421,291.16,75,61,4.19,ZA,2021-10-25 21:29:15,broken clouds
610,Te Anau,-45.4167,167.7167,287.79,84,69,0.46,NZ,2021-10-25 21:29:16,broken clouds
611,Aripuana,-9.1667,-60.6333,299.99,80,96,1.82,BR,2021-10-25 21:29:12,overcast clouds
612,Pringsewu,-5.3582,104.9744,296.62,97,78,1.52,ID,2021-10-25 21:29:16,broken clouds
613,Tirumullaivasal,11.2333,79.8333,300.46,76,100,4.35,IN,2021-10-25 21:29:17,light rain
614,Centralia,46.7162,-122.9543,286.93,91,20,7.72,US,2021-10-25 21:29:17,mist
615,Atherton,53.5237,-2.4935,282.84,89,23,2.18,GB,2021-10-25 21:29:18,few clouds
616,Guerrero Negro,27.9769,-114.0611,295.24,61,28,6.66,MX,2021-10-25 21:29:18,scattered clouds
617,Serov,59.6033,60.5787,270.55,70,7,4.1,RU,2021-10-25 21:29:19,clear sky
618,San Pedro,14.35,121.0167,298.21,87,40,1.03,PH,2021-10-25 21:29:19,scattered clouds
619,Rockland,41.1668,-74.0496,296.18,85,79,2.13,US,2021-10-25 21:29:20,broken clouds
620,Ivdel,60.6911,60.4206,269.96,75,12,3.3,RU,2021-10-25 21:29:20,few clouds
621,Chaozhou,23.6651,116.6379,294.07,75,91,1.16,CN,2021-10-25 21:29:21,light rain
622,Raton,36.9034,-104.4391,302.34,19,1,0.89,US,2021-10-25 21:29:21,clear sky
623,Praia Da Vitoria,38.7333,-27.0667,293.57,77,40,5.33,PT,2021-10-25 21:29:22,scattered clouds
624,Zaidpur,26.8333,81.3333,295.19,71,0,1.98,IN,2021-10-25 21:29:22,clear sky
625,Macau,22.2006,113.5461,297.08,78,20,6.17,MO,2021-10-25 21:26:03,few clouds
626,Melfi,40.9965,15.6514,286.76,97,100,1.17,IT,2021-10-25 21:29:23,overcast clouds
627,Changchun,43.88,125.3228,281.56,80,100,4.36,CN,2021-10-25 21:29:23,overcast clouds
628,Kayanga,-1.5303,31.1511,289.85,67,63,1.63,TZ,2021-10-25 21:29:24,broken clouds
629,Jutai,-5.1833,-68.9,298.5,96,100,1.08,BR,2021-10-25 21:29:24,heavy intensity rain
630,Sombrio,-29.1139,-49.6167,293.72,75,0,2.85,BR,2021-10-25 21:29:24,clear sky
631,Saint-Augustin,51.226,-58.6502,278.09,58,63,3.61,CA,2021-10-25 21:25:28,broken clouds
632,Harrison,30.4091,-89.0436,303.19,68,20,4.63,US,2021-10-25 21:29:26,few clouds
633,West Wendover,40.7391,-114.0733,280.71,81,90,12.86,US,2021-10-25 21:29:27,overcast clouds
634,Chandbali,20.7833,86.7667,296.25,82,4,2.05,IN,2021-10-25 21:29:27,clear sky
635,Qasigiannguit,68.8193,-51.1922,264.29,82,2,1.69,GL,2021-10-25 21:29:28,clear sky
636,Alghero,40.5589,8.3181,287.2,94,0,1.54,IT,2021-10-25 21:29:28,clear sky
637,Necochea,-38.5473,-58.7368,289.28,57,16,3.34,AR,2021-10-25 21:29:28,few clouds
638,Walvis Bay,-22.9575,14.5053,288.2,82,0,2.06,NA,2021-10-25 21:29:29,clear sky
639,Phan Thiet,10.9333,108.1,297.47,93,100,1.63,VN,2021-10-25 21:29:29,light rain
640,Loudeac,48.1783,-2.7543,285.0,93,12,2.6,FR,2021-10-25 21:29:30,few clouds
641,Minab,27.1467,57.0801,295.87,71,5,2.2,IR,2021-10-25 21:29:31,clear sky
642,Barra,-11.0894,-43.1417,302.49,55,66,1.77,BR,2021-10-25 21:29:31,broken clouds
643,Barabinsk,55.3571,78.357,280.4,70,100,4.26,RU,2021-10-25 21:29:31,overcast clouds
644,Shakawe,-18.3667,21.85,297.5,57,97,1.7,BW,2021-10-25 21:29:32,overcast clouds
645,Saint-Joseph,-21.3667,55.6167,295.36,79,25,5.35,RE,2021-10-25 21:29:33,scattered clouds
646,Orocue,4.7912,-71.3354,302.06,69,98,2.89,CO,2021-10-25 21:29:33,overcast clouds
647,Urengoy,65.9667,78.3667,265.34,94,41,3.32,RU,2021-10-25 21:29:34,scattered clouds
648,Fernie,49.5,-115.0687,283.49,77,100,2.8,CA,2021-10-25 21:29:34,overcast clouds
649,Chipinge,-20.1883,32.6236,288.75,92,32,2.38,ZW,2021-10-25 21:29:35,scattered clouds
650,Iguai,-14.7564,-40.0892,296.09,94,100,1.33,BR,2021-10-25 21:29:35,overcast clouds
651,Sinnamary,5.3833,-52.95,298.78,88,100,4.97,GF,2021-10-25 21:29:35,heavy intensity rain
652,North Platte,41.1239,-100.7654,283.09,71,1,5.66,US,2021-10-25 21:29:36,clear sky
653,Aswan,24.0934,32.907,297.76,29,0,4.63,EG,2021-10-25 21:29:36,clear sky
654,Grand Gaube,-20.0064,57.6608,294.37,81,1,9.51,MU,2021-10-25 21:29:37,light rain
655,Sur,22.5667,59.5289,300.3,65,0,3.28,OM,2021-10-25 21:29:37,clear sky
656,Moree,-29.4667,149.85,290.16,36,0,1.54,AU,2021-10-25 21:29:38,clear sky
657,Coolum Beach,-26.5333,153.1,294.32,96,100,1.61,AU,2021-10-25 21:29:38,overcast clouds
658,Itoman,26.1247,127.6694,295.16,70,20,4.63,JP,2021-10-25 21:29:39,few clouds
659,Mount Isa,-20.7333,139.5,299.02,41,40,0.0,AU,2021-10-25 21:29:39,scattered clouds
660,Arlit,18.7369,7.3853,303.13,12,0,1.56,NE,2021-10-25 21:29:40,clear sky
661,Rosetta,31.4044,30.4164,297.05,66,0,3.99,EG,2021-10-25 21:29:40,clear sky
662,Nyurba,63.2842,118.3319,272.86,83,96,3.27,RU,2021-10-25 21:29:41,overcast clouds
663,Vilyuysk,63.7553,121.6247,273.42,98,100,3.08,RU,2021-10-25 21:29:42,light snow
664,Kharp,66.8014,65.8081,262.48,91,36,3.22,RU,2021-10-25 21:29:42,scattered clouds
665,Mattru,7.6244,-11.8332,296.96,96,100,1.27,SL,2021-10-25 21:29:43,light rain
666,Ypsonas,34.6884,32.9574,290.69,72,20,1.54,CY,2021-10-25 21:29:43,few clouds
667,La Ronge,55.1001,-105.2842,278.29,70,90,7.72,CA,2021-10-25 21:25:52,overcast clouds
668,Tshikapa,-6.4167,20.8,294.99,90,96,0.75,CD,2021-10-25 21:29:44,overcast clouds
669,Whyalla,-33.0333,137.5833,286.09,44,3,1.54,AU,2021-10-25 21:21:55,clear sky
670,Konstantinovo,54.6628,29.2699,276.22,72,100,5.62,BY,2021-10-25 21:29:44,overcast clouds
671,Pasni,25.2631,63.471,298.03,60,0,0.61,PK,2021-10-25 21:29:45,clear sky
672,Rio Gallegos,-51.6226,-69.2181,283.18,29,20,15.95,AR,2021-10-25 21:29:46,few clouds
673,Kanashevo,55.2169,62.0634,275.46,81,100,6.43,RU,2021-10-25 21:29:46,overcast clouds
674,Gornyak,50.9942,81.4661,278.82,56,81,3.26,RU,2021-10-25 21:29:47,broken clouds
675,Ust-Omchug,61.15,149.6333,254.87,96,80,0.5,RU,2021-10-25 21:26:11,broken clouds
676,Sumenep,-7.0167,113.8667,300.51,77,100,2.69,ID,2021-10-25 21:29:47,overcast clouds
677,Vestmannaeyjar,63.4427,-20.2734,278.24,84,100,2.55,IS,2021-10-25 21:29:48,overcast clouds
678,Plouzane,48.3833,-4.6167,286.25,94,0,5.14,FR,2021-10-25 21:29:48,clear sky
679,Bac Giang,21.2667,106.2,292.19,81,10,1.26,VN,2021-10-25 21:29:49,clear sky
680,Galesong,-5.3166,119.3661,297.16,76,100,1.82,ID,2021-10-25 21:29:49,overcast clouds
681,Kannur,11.8675,75.3576,297.57,90,83,1.73,IN,2021-10-25 21:29:50,broken clouds
682,Alta Floresta,-9.8756,-56.0861,301.16,62,99,1.61,BR,2021-10-25 21:29:50,overcast clouds
683,Whitehorse,60.7161,-135.0538,271.49,93,75,2.06,CA,2021-10-25 21:29:51,broken clouds
684,Pinawa,50.1489,-95.8811,281.63,48,5,4.51,CA,2021-10-25 21:29:51,clear sky
685,Yeniseysk,58.4497,92.1703,276.11,78,100,6.28,RU,2021-10-25 21:29:52,overcast clouds
686,Jipijapa,-1.3333,-80.5833,296.87,72,99,1.94,EC,2021-10-25 21:29:52,overcast clouds
687,Amga,60.8953,131.9608,272.14,99,100,0.93,RU,2021-10-25 21:29:52,light snow
688,Rio Grande,-32.035,-52.0986,301.21,65,0,4.76,BR,2021-10-25 21:29:53,clear sky
